Project,Precision,Precision (dummy),Recall,Recall (dummy),F1,F1 (dummy),AUC,AUC (dummy)
ant,0.0,0.23809523809523808,0.0,1.0,0,0.3846153846153846,0.425,0.5
cassandra,0.403921568627451,0.41379310344827586,0.9035087719298246,1.0,0.5582655826558266,0.5853658536585366,0.5189356906197382,0.5
commons,1.0,0.5,1.0,1.0,1.0,0.6666666666666666,1.0,0.5
derby,0.038135593220338986,0.09611451942740286,0.19148936170212766,1.0,0.06360424028268552,0.1753731343283582,0.33141186098007125,0.5
jmeter,0.07692307692307693,0.08771929824561403,0.4,1.0,0.12903225806451613,0.16129032258064516,0.5807692307692307,0.5
lucene-solr,0.5036363636363637,0.44410876132930516,0.6281179138321995,1.0,0.5590312815338042,0.6150627615062761,0.5806313467415953,0.5
maven,0.1568627450980392,0.16778523489932887,0.64,1.0,0.25196850393700787,0.28735632183908044,0.40838709677419355,0.5
tomcat,0.4101123595505618,0.415929203539823,0.776595744680851,1.0,0.536764705882353,0.5875,0.5118874919406835,0.5
Average,0.3236989633819789,0.29544316987312347,0.5674639740181253,1.0,0.38733332154452416,0.4329038056493684,0.544627839728189,0.5
